Marca temporal,Título,Latitud,Longitud,Descripción breve,Descripción completa,Tipo de valor,Época,Fotos
6/08/2013 12:42:11,La poza,39.41544,-3.13254,"Manantial de agua de la sierra de los molinos que tradicionalmente han usado los vecinos de Campo de Criptana, especialmente cuando el agua potable no llegaba a las casas.","Manantial de agua de la sierra de los molinos que tradicionalmente han usado los vecinos de Campo de Criptana, especialmente cuando el agua potable no llegaba a las casas.

Este manantial viene citado en la Carta-privilegio de 1.328 del maestre Vasco Rodríguez Coronado",Etnográfico,,https://drive.google.com/open?id=0B5yGMNeKDyLdSjFVdFJTeDJ5cVk
6/08/2013 12:53:44,Iglesia de la Asunción de Ntra Señora,39.40563,-3.12576,Iglesia parroquial de construcción ecléctica inaugurada en 1958.,Iglesia parroquial de construcción ecléctica inaugurada en 1958. Sustituye a la antigua iglesia de la Asunción del siglo XVI.,Artístico,Década de los 40,https://drive.google.com/open?id=0B7LnjXUZ-4TAZjl2R3BMMjNwQlU
8/08/2013 19:20:15,Palormar de la huerta Treviño,39.44545,-3.13027,Construcción típica para la cría de palomas y pichones. Posible motilla de la época del Bronce Manchego. ,"Construcción típica para la cría de palomas y pichones. Este tipo de construcciones eran habituales en los siglos pasados pero actualmente ya casi han desaparecido. Este palomar en concreto está en estado semiruinoso por la falta de protección por parte del Ayuntamiento.

Es posible que se trate también de una motilla de la época del Bronce Manchego. ",Etnográfico,Mediados del siglo XX,"https://drive.google.com/open?id=0B7LnjXUZ-4TAa1llUWtBdlFQc3M, https://drive.google.com/open?id=0B7LnjXUZ-4TARTZxa282MWRxM2M"
16/08/2013 16:59:23,Montón de Trigo,39.45646,-3.15284,Motilla de época neolítica que en épocas posteriores se aprovechó como torre de vigilancia.,"Motilla de época neolítica, como lo atestiguan los restos de cerámica campaniforme que aún hoy se pueden entresacar de las tierras aradas del entorno.

En épocas posteriores se aprovechó como torre de vigilancia, como lo atestiguan los restos de murallas perfectamente visibles.",Histórico,Bronce I y II (1.700 - 725 a.C.),https://drive.google.com/open?id=0B7LnjXUZ-4TAeV9XVXg5V2VRQTQ
16/08/2013 17:06:52,Antigua vía romana,39.40397,-3.06364,Carretera actual que probablemente se sitúa sobre la antigua vía romana que unía Córdoba y Tarragona.,Carretera actual que probablemente se sitúa sobre la antigua vía romana que unía Córdoba y Tarragona.,Histórico,Romana,
16/08/2013 17:12:26,Cerro de Chitrana,39.40626,-3.09160,"Antigua fortaleza celtibérica usada después por árabes y cristianos que actualmente está convertida en la ermita de la Virgen de Criptana, patrona de Campo de Criptana.","Este entorno ha sido, por su posición estratégica, uno de los lugares más importantes de nuestro término. Por su larga ocupación en el tiempo, se superponen niveles de ocupación desde el Bronce hasta la actualidad. 

Según algunos historiadores, su construcción se realiza sobre a una fortaleza (oppidum) celtibérica levantada sobre una motilla anterior, para combatir a los ejércitos invasores romanos hacia el siglo II a.C. que recibiría el nombre de Certima. 

Con posterioridad se construyó una fortaleza visigoda que posteriormente se modificó para ser reutilizada como castillo de la Orden de Santiago a partir del s. XII. 

Con anterioridad a la llegada de la Órden, se utilizó como refugio de las tropas musulmanas del valí de Denia Al ffigio, tras las dos batallas de Consuegra (de ahí probablemente las dos lunas de la bandera de Criptana). Tras la desaparión de dicha orden, fue ordenado demoler por Juan II a finales del s. XV para evitar los levantamientos feudales y los Reyes Católicos lo destruyeron para evitar que se utilizase como refugio de maleantes. 

En la actualidad se levanta una ermita del siglo XVI y un perímetro amurallado construído durante el pasado siglo XX.",Histórico,Bronce - Medieval,https://drive.google.com/open?id=0B7LnjXUZ-4TAVkw4UG5kdE9WeE0
16/08/2013 17:32:42,Paraje de la Atalaya,39.41478,-3.08793,Antigua morra de un posible asentamiento neolítico.,"En este lugar se sitúa un posible asentamiento de época neolítica donde se han encontrado restos cerámicos de tipo campaniforme y diversos instrumentos de sílex. 

La morra es visible a simple vista y cumple una función similar a las motillas de la misma época con la diferencia de que para su construcción se aprovecha una elevación natural del terreno. 

En este yacimiento se han encontrado también varias fosas excavadas en la roca.",Histórico,Bronce I y II (1.700 - 725 a.C),
19/08/2013 12:34:15,Álamo blanco centenario,39.44709,-3.13170,"Bonito ejemplar de álamo blanco (populus alba) en las inmediaciones del Valle de los Deseos.
","Bonito ejemplar de álamo blanco (populus alba) en las inmediaciones  del Valle de los Deseos, donde antes había una olmeda tradicional manchega que fue talada a mediados de la década de los ochenta sin otra razón que la crematística, para obtener cereal.

El álamo blanco viene a establecerse con garantías de desarrollo en aquellos sitios donde antes reinaba el olmo, ya que este, a partir de mediados de los noventa fue atacado con virulencia y fulminado en todo el término municipal por la grafiosis. ",Ambiental,Siglo XX,https://drive.google.com/open?id=0B5yGMNeKDyLdOHUzaGxRcGp2R0E
19/08/2013 15:26:07,Pozos de Villalgordo,39.41996,-3.13116,Antiguos pozos ubicados en las inmediaciones de la ermita de San Isidro de donde se abastecía la población durante el siglo XIX y principios del XX.,"Antiguos pozos ubicados en las inmediaciones de la ermita de San Isidro de donde se abastecía la población durante el siglo XIX y principios del XX, antes de que llegase el agua corriente a las casas.

Este pozo toma sus aguas de los arroyos subterráneos que provienen de la sierra de los Molinos. en su entorno se situó el poblado medieval de Villargordo durante el siglo XIV.",Etnográfico,,https://drive.google.com/open?id=0B7LnjXUZ-4TAUjJhSHNpcmRtM0E
6/09/2013 20:52:31,Puente de San Benito,39.32937,-3.08578,Puente de origen romano situado sobre el río Záncara.,"Puente de origen romano situado sobre el río Záncara.

Construcción de época romana de la que en la actualidad quedan algunas piedras de la base del puente. Fue punto de paso de una calzada principal romana que unía Laminium (actual Alhambra) con Titulcia (al norte de Ocaña), que en algunas fuentes se hace coincidir con el actual camino de Madrid; y sirvió de enganche con otra que unía Toletum (actual Toledo) y Saltigis (actual Chinchilla). Puntos de paso de esta calzada eran también: La Poza, San Isidro y Alces.

Se conoce su historia desde el siglo XVI por diversos documentos de reconstrucciones. Era paso obligado del camino de la Seda hacia Murcia, comunicaba directamente Campo de Criptana con Argamasilla. Cervantes debió conocer su existencia.

En los últimos siglos ha sido reconstruido varias veces, pero actualmente se encuentra en bastante mal estado, debido al abandono y al deshuso al existir otros puentes sobre las carreteras que van a Arenales y Tomelloso. 

",Etnográfico,"Romana, Siglo XVI","https://drive.google.com/open?id=0B7LnjXUZ-4TAUWdwMS05OGhFdkU, https://drive.google.com/open?id=0B5yGMNeKDyLdUDVneHByWDNkRzQ"
9/09/2013 11:41:26,Vía del Hambre,39.45303,-3.15715,Antiguo proyecto de construcción de vía ferroviaria que debía unir las localidades de Quintanar de la Orden y Villacañas; no llegando a terminarse.,"Antiguo proyecto de construcción de vía ferroviaria que debía unir las localidades de Quintanar de la Orden y Villacañas; no llegando a terminarse.

En la posguerra, cuenta la tradición oral, que trabajaron en su construcción, presos del bando republicano percibiendo a cambio de su jornada de trabajo, la ración de comida, de ahí el nombre del ""Hambre"".",Etnográfico,Siglo XIX y XX,https://drive.google.com/open?id=0B7LnjXUZ-4TAUEpzYUFvZ1BIWWM
9/09/2013 11:45:18,Petroglifo de la Senda de los Cantareros,39.47186,-3.17298,"Piedra que contiene una serie de signos ilegibles grabados con cincel o buril de significado desconocido, posiblemente celtibéricos.","Piedra que contiene una serie de signos ilegibles grabados con cincel o buril de significado desconocido, posiblemente celtibéricos.

Se encuentra en las proximidades de un cruce de caminos. Existen otros tres petroglifos en sus proximidades y más de 30 petroglifos con dibujos más simples en el entorno de la sierra de los molinos.",Etnográfico,Bronce I (1.700 - 1.200 a.C.),"https://drive.google.com/open?id=0B7LnjXUZ-4TAV3FxY0JDMUpzZGM, https://drive.google.com/open?id=0B7LnjXUZ-4TAWnNaNWd6ZmVsTWc"
9/09/2013 11:47:10,Restos neolíticos del Cristo ,39.44590,-3.13818,Restos de enterramientos celtíberos.,"Restos de enterramientos celtíberos descubiertos durante las obras de construcción de la tubería manchega donde se contenían restos de vasijas y otros objetos de la época. 

A finales del s. XIX ya encontramos referencias sobre la aparición de orzas y restos humanos así como útiles de bronce. Más tarde, en la década de los 70 del s. XX, se menciona que, al ensanchar la carretera habían aparecido unas urnas cinerarias que pertenecerían a las culturas de los Campos de Urnas pertenecientes a los pueblos celtas que entraron por el norte peninsular.",Histórico,Bronce II (1.200 - 725 a. C.),
9/09/2013 11:49:49,Antiguo poblado de Posadas Viejas,39.32908,-3.08418,Posible ubicación de un antiguo núcleo de población que se despobló a consecuencia de la creación del pueblo actual durante el siglo XIV.,"Posible ubicación de un antiguo núcleo de población que se despobló a consecuencia de la creación del pueblo actual durante el siglo XIV. 

Entorno habitado desde época romana (época en que se contruyó el puente) de la que se han encontrado restos de cerámica y metal destacando un ánfora de grandes dimensiones. 

Sobre él se asentaría posteriormente el núcleo de población denominado con el nombre de Posadas Viejas.",Histórico,Romana y Medieval,
9/09/2013 11:52:13,Restos de campamento romano,39.40677,-3.10366,Restos de un antiguo campamento romano con planta y construcción distinta a la de los campamentos romanos habituales.,"Restos de un antiguo campamento romano con planta y construcción distinta a la de los campamentos romanos habituales.

Novedosa teoría introducida en los inicios del siglo XXI por Javier Antxoka al considerar como posibles murallas de un campamento romano las construcciones en piedra seca en forma de polígono rectangular que rodea un alto de la sierra de Criptana frente al cerro de La Virgen. Estas posibles murallas tienen un ancho entre 3 y 5 metros y no presentan ningún tipo característico de las construcciones romanas, ni oppidum spicatum, ni puertas en los cardium, ni restos arqueológicos mínimos en su interior.     ",Histórico,Romana (s.II a.C. - hacia el año 180),
9/09/2013 11:56:42,Yacimiento de Valrrepiso,39.41279,-3.11933,Entorno en que se ubican  los restos de pobladores neolíticos de la Edad del Bronce.,"Entorno en que se ubican  los restos de pobladores neolíticos de la Edad del Bronce.

Situados en la ladera meridional de la sierra, sobre una corriente de agua (actual Pozo del Cojo). En dicho lugar se encontraron restos de cerámica campaniforme y diversos instrumentos de sílex. ",Histórico,Bronce I y II (1.700 - 725 a.C.),
9/09/2013 11:58:18,Los Enterramientos,39.40800,-3.09905,Entorno en que se ubican los restos de tres enterramientos de la Edad del Bronce.,"Entorno en que se ubican los restos de tres enterramientos de la Edad del Bronce. 

Aún podemos observar tres túmulos situados cerca uno de otro. En este entorno fue hallada una punta de lanza que constituye el único útil fabricado en cobre.",Histórico,Bronce II (1.200 - 725 a.C),
9/09/2013 12:00:17,El Real,39.42056,-3.09482,Entorno en que se ubican restos de antiguos pobladores de la zona.,"Entorno en que se ubican restos de antiguos pobladores de la zona. 

En dicho lugar se encontraron abundantes restos de cerámica neolítica y diversos instrumentos de sílex. ",Histórico,Bronce I y II (1.700 - 725 a.C.),
9/09/2013 12:01:33,El Villar,39.42524,-3.08424,"Entorno en que se ubican restos culturales de época romana, junto a otros de tradición celtibérica.","Entorno en que se ubican restos culturales de época romana, junto a otros de tradición celtibérica.

Se han recogido restos arqueológicos romanos entre los que destaca una ficha de bronce y dos sixpédalis de grandes dimensiones del tipo de los usados en las termas; en este lugar la tradición popular sitúa el campamento romano de Tiberio Sempronio Graco durante el asedio a Certima.",Histórico,"Bronce II, romana",
9/09/2013 12:03:14,Villalgordo,39.41862,-3.13198,"Entorno en que se ubican restos de un antiguos pobladores de la zona y un posterior poblado medieval. En este entorno se han encontrado restos de cerámica e instrumentos de sílex de época neolítica. Con posterioridad, se establecieron, en época bajo-medieval un núcleo de población, que existió hasta el siglo XIV cuando sus habitantes se mudaron a vivir al núcleo del Campo.","Entorno en que se ubican restos de un antiguos pobladores de la zona y un posterior poblado medieval. En este entorno se han encontrado restos de cerámica e instrumentos de sílex de época neolítica. Con posterioridad, se establecieron, en época bajo-medieval un núcleo de población, que existió hasta el siglo XIV cuando sus habitantes se mudaron a vivir al núcleo del Campo.",Histórico,"Bronce II (1.200 - 725 a.C), y Medieval",
9/09/2013 12:05:44,El Minguillo,39.24109,-3.10398,"Entorno en que se ubican los primeros restos de población humana de la zona, Paleolítico Inferior-Medio de tradición Achelense. (probablemente de pobladores nómadas) siguiendo el curso de las corrientes de agua; concretamente en las riberas del Guadiana. En este lugar también se encuentran los restos de un antiguo molino de agua que, junto con el del Molinillo, son los dos únicos ejemplos de este tipo de construcciones que estuvieron en activo hasta el s. XX en nuestro término, amén de una casa típica de campo. ","Entorno en que se ubican los primeros restos de población humana de la zona, Paleolítico Inferior-Medio de tradición Achelense. (probablemente de pobladores nómadas) siguiendo el curso de las corrientes de agua; concretamente en las riberas del Guadiana. En este lugar también se encuentran los restos de un antiguo molino de agua que, junto con el del Molinillo, son los dos únicos ejemplos de este tipo de construcciones que estuvieron en activo hasta el s. XX en nuestro término, amén de una casa típica de campo. ",Histórico,Paleolítico Inferior (1 millón a 100.000 años),
9/09/2013 12:08:04,Ermita de San Benito,39.32872,-3.08338,En este lugar se pudo ubicar un antiguo asentamiento de monjes benedictinos; aunque se desconocen asentamientos de la orden al sur del río Tajo.,En este lugar se pudo ubicar un antiguo asentamiento de monjes benedictinos; aunque se desconocen asentamientos de la orden al sur del río Tajo.,Histórico,s. VII aprox.,
9/09/2013 12:16:26,Ermita de San Isidro,39.42094,-3.13316,"Lugar punto de paso de la antigua calzada romana que unía Titulcia y Laminium (Alhambra) y que cruzaba el término de norte a sur pasando por otros puntos como Alces, La Poza o el Puente San Benito.","Lugar punto de paso de la antigua calzada romana que unía Titulcia y Laminium (Alhambra) y que cruzaba el término de norte a sur pasando por otros puntos como Alces, La Poza o el Puente San Benito.",Histórico,Romana,https://drive.google.com/open?id=0B7LnjXUZ-4TAdXlfR1pFNDlFbjg
9/09/2013 12:20:55,Entorno de Villajos,39.44331,-3.13793,"Entorno poblado desde tiempos antiguos, en él aparecen restos desde el Neolítico hasta la actualidad. Durante la época romana fue punto de cruce entre las calzadas que unía Toletum (Toledo) con Segóbriga y la de Laminium a Titulcia. En esta época se contituyó un núcleo de población importante que se extendía en los aledaños de la ermita y su parte noroccidental junto a la carretera de Miguel Esteban donde se han encontrado restos humanos junto con restos de materiales de distinta índole sobre todo a raíz de las excavaciones de las próximas canteras de calamaco que se sitúan en la zona. Posteriormente en época medieval, el núcleo de población se situó dentro del perímetro del actual santuario flanqueado por unas murallas que se derribaron en 2010 por la Junta del Cristo. Este núcleo poblacional desapareció en el s. XIV al trasladarse a la villa del Campo de nueva creación. Sobre las ruinas de la iglesia de aquella población se erigió en el s. XVII la iglesia que ha llegado hasta nuestros días tras las oportunas remodelaciones por el estado en que quedó tras la Guerra Civil.","Entorno poblado desde tiempos antiguos, en él aparecen restos desde el Neolítico hasta la actualidad. Durante la época romana fue punto de cruce entre las calzadas que unía Toletum (Toledo) con Segóbriga y la de Laminium a Titulcia. En esta época se contituyó un núcleo de población importante que se extendía en los aledaños de la ermita y su parte noroccidental junto a la carretera de Miguel Esteban donde se han encontrado restos humanos junto con restos de materiales de distinta índole sobre todo a raíz de las excavaciones de las próximas canteras de calamaco que se sitúan en la zona. Posteriormente en época medieval, el núcleo de población se situó dentro del perímetro del actual santuario flanqueado por unas murallas que se derribaron en 2010 por la Junta del Cristo. Este núcleo poblacional desapareció en el s. XIV al trasladarse a la villa del Campo de nueva creación. Sobre las ruinas de la iglesia de aquella población se erigió en el s. XVII la iglesia que ha llegado hasta nuestros días tras las oportunas remodelaciones por el estado en que quedó tras la Guerra Civil.",Histórico,Romana y Medieval,https://drive.google.com/open?id=0B7LnjXUZ-4TAMnRORXZXbmFWcm8
9/09/2013 12:24:30,Pozo de Nieve,39.44285,-3.13748,"Antigua construcción utilizada para almacenar nieve para usos medicinales y de conservación de alimentos, data del siglo XVII y fue utilizado hasta el XVIII. ","Antigua construcción utilizada para almacenar nieve para usos medicinales y de conservación de alimentos, data del siglo XVII y fue utilizado hasta el XVIII. ",Etnográfico,S. XVI al XIX,"https://drive.google.com/open?id=0B7LnjXUZ-4TAcmNFQUZIaWtneWM, https://drive.google.com/open?id=0B7LnjXUZ-4TAYmhNWlcxa2VvX1k"
9/09/2013 12:27:02,Ermita de San Roque,39.41203,-3.11795,Antigua ermita habitada en una casa colindante hasta el s.XIX donde se ubica una noria y una cueva llamada de Trifón.  En dicho lugar encontramos ejemplos de encinas centenarias.,Antigua ermita habitada en una casa colindante hasta el s.XIX donde se ubica una noria y una cueva llamada de Trifón.  En dicho lugar encontramos ejemplos de encinas centenarias.,Etnográfico,,https://drive.google.com/open?id=0B7LnjXUZ-4TAUlIwYUg3YUxKaDg
9/09/2013 12:31:27,Vereda del Arcediano,39.41983,-3.12353,"Antigua vereda que atravesaba el término de norte a sur siendo otros puntos de paso: El Minguillo, la Casa del Tejado, el Puente de San Benito, la Huerta el Bajo o la Huerta de Treviño, entre otros.","Antigua vereda que atravesaba el término de norte a sur siendo otros puntos de paso: El Minguillo, la Casa del Tejado, el Puente de San Benito, la Huerta el Bajo o la Huerta de Treviño, entre otros.",Etnográfico,,
9/09/2013 12:33:16,Restos molino de agua,39.34704,-3.04553,Restos de un molino de agua antiguo utilizado hasta el s. XX. La existencia de estos molinos en Europa se conoce desde el s. VI. Se basaban en el aprovechamiento de los desniveles de las corrientes de agua para moler y obtener la harina,Restos de un molino de agua antiguo utilizado hasta el s. XX. La existencia de estos molinos en Europa se conoce desde el s. VI. Se basaban en el aprovechamiento de los desniveles de las corrientes de agua para moler y obtener la harina,Etnográfico,s. XV - XX,
9/09/2013 12:37:34,Restos del Batán,39.34558,-3.01987,Restos de un batán antiguo utilizado para compactar los tejidos aprovechando la fuerza del agua. Estas máquinas entraron en España hacia el siglo XII y su utilización se extendió hasta finales del s. XIX.,Restos de un batán antiguo utilizado para compactar los tejidos aprovechando la fuerza del agua. Estas máquinas entraron en España hacia el siglo XII y su utilización se extendió hasta finales del s. XIX.,Etnográfico,S. XII - XIX,
9/09/2013 12:40:57,Laguna de Salicor,39.46668,-3.17273,"Entorno natural declarado Reserva Natural en el año 2.000 que consiste en una laguna salina de carácter endorreico que alberga una microfauna lagunar característica,  rodeada de especies vegetales propias como el albardín, el esparto, el almarjo y el salicor (que le da nombre). Su importancia ecológica se debe también en gran parte a la atracción que ejerce sobre ciertas aves migratorias como las grullas o los flamencos.
Forma parte del rosario de lagunas que desde Pedro Muñoz a Lillo constituyen un espacio muy interrelacionado y característico denominado Mancha Húmeda.
","Entorno natural declarado Reserva Natural en el año 2.000 que consiste en una laguna salina de carácter endorreico que alberga una microfauna lagunar característica,  rodeada de especies vegetales propias como el albardín, el esparto, el almarjo y el salicor (que le da nombre). Su importancia ecológica se debe también en gran parte a la atracción que ejerce sobre ciertas aves migratorias como las grullas o los flamencos.
Forma parte del rosario de lagunas que desde Pedro Muñoz a Lillo constituyen un espacio muy interrelacionado y característico denominado Mancha Húmeda.",Ambiental,,https://drive.google.com/open?id=0B7LnjXUZ-4TAVjh2R3B5VTA0M0U
9/09/2013 12:51:59,Entorno de la Huerta Treviño,39.44518,-3.12933,"Lugar de interés donde nace el arroyo de San Marcos y donde se ubican los restos de una antigua noria de agua; coronados a su vez por una de las motillas más carácterísticas de la zona. Hasta bien entrado el siglo XX, este lugar estaba flanqueado por grandes olmos que se vieron afectados por la grafiosis y de los cuales en la actualidad apenas quedan algunos restos. Además de los olmos, en estos lugares donde discurrían corrientes de agua, existían especies características como el álamo y el chopo, también prácticamente desaparecidas en la actualidad. La motilla data  de finales del Bronce y se reutilizó después en la Época del Hierro. En este lugar han aparecido restos de cerámica íbera correspondientes a grandes vasijas de diferentes formas.","Lugar de interés donde nace el arroyo de San Marcos y donde se ubican los restos de una antigua noria de agua; coronados a su vez por una de las motillas más carácterísticas de la zona. Hasta bien entrado el siglo XX, este lugar estaba flanqueado por grandes olmos que se vieron afectados por la grafiosis y de los cuales en la actualidad apenas quedan algunos restos. Además de los olmos, en estos lugares donde discurrían corrientes de agua, existían especies características como el álamo y el chopo, también prácticamente desaparecidas en la actualidad. La motilla data  de finales del Bronce y se reutilizó después en la Época del Hierro. En este lugar han aparecido restos de cerámica íbera correspondientes a grandes vasijas de diferentes formas.",Etnográfico,Bronce II y Hierro (1.200 - s.III a.C aprox),
9/09/2013 13:01:08,Pinar de San Isidro,39.41982,-3.13222,"Amplia zona verde periurbana ubicada a escasos 1000 de la población de Campo de Criptana.
Su masa forestal está constituida principalmente por pinos carrascos (“pinus halepensis”) y fue implantándose a lo largo de 2 etapas.
La primera, a mediados de los cincuenta, corrió a cargo, a la par que el santuario, por la recién creada Hermandad de San Isidro. Se extendió por la parte superior del cerro, en torno al santuario, y su falda sur, participando los agricultores del pueblo mediante el continuo acarreo de agua en carros.
Tras algunas actuaciones puntuales de plantación de pinos en la parte superior del cerro, a lo largo de la década de los noventa tuvo lugar la segunda etapa de plantación, organizada por el Grupo Ecologista Salicor y que extendería la masa forestal por todo el entorno y realizaría la plantación de caducifolios en los márgenes de la antigua carretera.","Amplia zona verde periurbana ubicada a escasos 1000 de la población de Campo de Criptana.
Su masa forestal está constituida principalmente por pinos carrascos (“pinus halepensis”) y fue implantándose a lo largo de 2 etapas.
La primera, a mediados de los cincuenta, corrió a cargo, a la par que el santuario, por la recién creada Hermandad de San Isidro. Se extendió por la parte superior del cerro, en torno al santuario, y su falda sur, participando los agricultores del pueblo mediante el continuo acarreo de agua en carros.
Tras algunas actuaciones puntuales de plantación de pinos en la parte superior del cerro, a lo largo de la década de los noventa tuvo lugar la segunda etapa de plantación, organizada por el Grupo Ecologista Salicor y que extendería la masa forestal por todo el entorno y realizaría la plantación de caducifolios en los márgenes de la antigua carretera.",Ambiental,s. XX,https://drive.google.com/open?id=0B7LnjXUZ-4TAUzVpMXc1dFdGRXc
9/09/2013 13:04:56,Charcas del Camino de la Virgen,39.40482,-3.09802,"Charcas de agua permanente  junto al camino de la Virgen nutridas por un pequeño manantial al pie de la Virgen de Criptana, entre dolomías y arcillas del Keuper, uno de los puntos por donde drena el acuífero de la Sierra de los Molinos. 
La presencia de agua y humedad convierten estos puntos en auténticos refugios para la fauna: pequeños mamíferos, aves, reptiles y anfibios se concentran en sus alrededores. En otras ocasiones no se forman bodones y sólo se detectan las áreas de descarga por la presencia de indicadores vegetales, como el junco merino (Juncus acutus).","Charcas de agua permanente  junto al camino de la Virgen nutridas por un pequeño manantial al pie de la Virgen de Criptana, entre dolomías y arcillas del Keuper, uno de los puntos por donde drena el acuífero de la Sierra de los Molinos. 
La presencia de agua y humedad convierten estos puntos en auténticos refugios para la fauna: pequeños mamíferos, aves, reptiles y anfibios se concentran en sus alrededores. En otras ocasiones no se forman bodones y sólo se detectan las áreas de descarga por la presencia de indicadores vegetales, como el junco merino (Juncus acutus).",Ambiental,,"https://drive.google.com/open?id=0B3W_f1BgyVGRMHRmV05fTHptTmc, https://drive.google.com/open?id=0B7LnjXUZ-4TAYk9UMXdKOW52SE0"
9/09/2013 13:09:15,Monte Viejo,39.35604,-3.06707,"Entorno donde se ubicaba el antiguo Monte Viejo. El árbol característico  de estas formaciones vegetales era la encina debido a que su hoja perenne y sus fuertes raíces eran idóneas para adaptarse a la escasa humedad de la zona. Su paulatina desaparición,  debido principalmente  a la tala indiscriminada  en siglos pasados para el aprovechamiento de la madera y a la roturación del suelo a gran escala en el s. XX para el uso en agricultura, ha ido dando lugar a la proliferación  de otras especies de matorral tipo garriga como el tomillo o el romero. En el actual Monte Viejo la especie arbórea que ahora encontramos es el pino carrasco. ","Entorno donde se ubicaba el antiguo Monte Viejo. El árbol característico  de estas formaciones vegetales era la encina debido a que su hoja perenne y sus fuertes raíces eran idóneas para adaptarse a la escasa humedad de la zona. Su paulatina desaparición,  debido principalmente  a la tala indiscriminada  en siglos pasados para el aprovechamiento de la madera y a la roturación del suelo a gran escala en el s. XX para el uso en agricultura, ha ido dando lugar a la proliferación  de otras especies de matorral tipo garriga como el tomillo o el romero. En el actual Monte Viejo la especie arbórea que ahora encontramos es el pino carrasco. ",Ambiental,,
9/09/2013 13:10:57,Carrasca Gorda,39.35991,-3.07046,"Árbol característico  del término, la mayor y más antigua encina que existe en él. Supone uno de los pocos restos de lo que sería en su día el antiguo Monte Viejo que se extendía sobre la zona y que paulatinamente fue convirtiéndose en una dehesa cada vez más y más clareada hasta su desaparición.","Árbol característico  del término, la mayor y más antigua encina que existe en él. Supone uno de los pocos restos de lo que sería en su día el antiguo Monte Viejo que se extendía sobre la zona y que paulatinamente fue convirtiéndose en una dehesa cada vez más y más clareada hasta su desaparición.",Ambiental,,
9/09/2013 13:13:07,Monte de Chito,39.48112,-3.17376,"Es el mayor exponente de monte tradicional de encina y coscoja del término. No está constituido por una masa forestal madura de bosque mediterráneo, sino que es un resurgimiento del bosque climácico en una zona ampliamente talada y retalada a lo largo de los siglos y que tuvo su última devastación en la guerra civil y posguerra del siglo pasado.
Se divide en dos partes diferenciadas: el monte grande (al oeste, con ejemplares más viejos) y el monte chico (al este, con chaparros de unos 70 años).
Una de sus características edafológicas es la gran profusión de cantos rodados.
En el extremo norte del monte grande podemos encontrar una típica quintería manchega aún habitada y muy bien conservada.

","Es el mayor exponente de monte tradicional de encina y coscoja del término. No está constituido por una masa forestal madura de bosque mediterráneo, sino que es un resurgimiento del bosque climácico en una zona ampliamente talada y retalada a lo largo de los siglos y que tuvo su última devastación en la guerra civil y posguerra del siglo pasado.
Se divide en dos partes diferenciadas: el monte grande (al oeste, con ejemplares más viejos) y el monte chico (al este, con chaparros de unos 70 años).
Una de sus características edafológicas es la gran profusión de cantos rodados.
En el extremo norte del monte grande podemos encontrar una típica quintería manchega aún habitada y muy bien conservada.",Ambiental,,
9/09/2013 13:15:09,Monte Juanito,39.39482,-3.00528,"Este monte constituye una de las dos manchas inportantes de bosque mediterráneo degradado existentes en la localidad de Campo de Criptana (la otra es el Monte de Chito, mucho más tupido que este).","Este monte constituye una de las dos manchas inportantes de bosque mediterráneo degradado existentes en la localidad de Campo de Criptana (la otra es el Monte de Chito, mucho más tupido que este).",Ambiental,,
9/09/2013 13:16:05,Monte de la Heruela,39.40012,-2.98004,Restos de monte típico de la zona (término de Pedro Muñoz),Restos de monte típico de la zona (término de Pedro Muñoz),Ambiental,,
9/09/2013 13:17:45,Monte de Quirós,39.48179,-3.15634,"Restos de monte mediterráneo dentro del área Chito-Salicor formado, por un lado, por una masa cerrada de chaparros y coscojas sobre tomillar y, por otro, por una preciosa dehesa de encinas centenarias sobre cereal, ocupando esto último las tres cuartas partes de este espacio, en concreto, la parte septentrional y occidental.
En contraposición a Chito, que presenta más trabas para su visita libre, esta zona de monte puede recorrerse con total libertad disfrutando de su fauna y flora autóctonas. 
","Restos de monte mediterráneo dentro del área Chito-Salicor formado, por un lado, por una masa cerrada de chaparros y coscojas sobre tomillar y, por otro, por una preciosa dehesa de encinas centenarias sobre cereal, ocupando esto último las tres cuartas partes de este espacio, en concreto, la parte septentrional y occidental.
En contraposición a Chito, que presenta más trabas para su visita libre, esta zona de monte puede recorrerse con total libertad disfrutando de su fauna y flora autóctonas. 
",Ambiental,,
9/09/2013 13:20:12,Dehesa del Puerco,39.43129,-3.13025,Basta zona cubierta de dehesa en tiempos antiguos de la que apenas quedan restos diseminados  aunque sigue conociendose el entorno con dicho nombre.,Basta zona cubierta de dehesa en tiempos antiguos de la que apenas quedan restos diseminados  aunque sigue conociendose el entorno con dicho nombre.,Ambiental,,
9/09/2013 13:24:10,Casa del Acebrón,39.49066,-3.14754,Casa situada en el paraje donde se extendía la dehesa con el mismo nombre ya desaparecida completamente.,Casa situada en el paraje donde se extendía la dehesa con el mismo nombre ya desaparecida completamente.,Etnográfico,,
9/09/2013 13:27:28,Arroyo del Pico,39.41168,-3.14535,"Entorno por donde discurría el antiguo arroyo de agua con este nombre, proveniente del manantial de el Pico","Entorno por donde discurría el antiguo arroyo de agua con este nombre, proveniente del manantial de el Pico",Ambiental,,
9/09/2013 13:28:57,Arroyo de la Fuente Amarguilla,39.40760,-3.14108,Entorno por donde fluía en antiguo arroyo denominado así.,Entorno por donde fluía en antiguo arroyo denominado así.,Ambiental,,
9/09/2013 13:31:48,Baños de León Sañoso,39.40163,-3.10892,"Construcción que en su momento fueron unos baños públicos (de ahí su nombre), y que en la actualidad se puede observar restos de lo que fueron dichos baños.","Construcción que en su momento fueron unos baños públicos (de ahí su nombre), y que en la actualidad se puede observar restos de lo que fueron dichos baños.",Etnográfico,,"https://drive.google.com/open?id=0B7LnjXUZ-4TAWDFvQWtMRVBLR3c, https://drive.google.com/open?id=0B7LnjXUZ-4TAZWN1UUFBQU9jZ2s, https://drive.google.com/open?id=0B7LnjXUZ-4TATVBoOEJYU0hPZGM"
9/09/2013 13:32:42,Baños de León Sañoso,39.40109,-3.10896,"Entorno húmedo ubicado en el perímetro oriental de Campo de Criptana caracterizado actualmente por la existencia resilente de una pequeña arboleda, principalmente de olmos y almendros. 
El nivel freático de este enclave se encuentra realmente alto, lo que posibilitó que a principios del siglo existiese aquí una típica “casa de baños”  (Baños de León Sañoso) de cuya construcción y reformas posteriores aún podemos ver sus ruinas de tapial.","Entorno húmedo ubicado en el perímetro oriental de Campo de Criptana caracterizado actualmente por la existencia resilente de una pequeña arboleda, principalmente de olmos y almendros. 
El nivel freático de este enclave se encuentra realmente alto, lo que posibilitó que a principios del siglo existiese aquí una típica “casa de baños”  (Baños de León Sañoso) de cuya construcción y reformas posteriores aún podemos ver sus ruinas de tapial.",Ambiental,,"https://drive.google.com/open?id=0B7LnjXUZ-4TAZVZYdkw2MHJrSTQ, https://drive.google.com/open?id=0B7LnjXUZ-4TAa21iQzlsZ2tIdkk"
9/09/2013 13:37:33,Arroyo de La Laguna,39.42657,-3.08597,Arroyo que atravesaba este paraje y el Villar hasta la Laguna del Salobral y del que hoy en día es perfectamente visibel el cauce.,Arroyo que atravesaba este paraje y el Villar hasta la Laguna del Salobral y del que hoy en día es perfectamente visibel el cauce.,Ambiental,,
9/09/2013 13:39:17,Nacimiento hontanilla La Laguna,39.42297,-3.09508,"Punto de donde brota una hontanilla (manantial de agua) que discurre por el borde del camino, y que se encuentra activa en años de lluvias.","Punto de donde brota una hontanilla (manantial de agua) que discurre por el borde del camino, y que se encuentra activa en años de lluvias.",Ambiental,,
9/09/2013 13:41:04,Laguna del Salobral,39.42320,-3.07776,Entorno donde existió una laguna de agua permanente que se nutría de las aguas provenientes del arroyo de San Marcos.,Entorno donde existió una laguna de agua permanente que se nutría de las aguas provenientes del arroyo de San Marcos.,Ambiental,,https://drive.google.com/open?id=0B7LnjXUZ-4TASWRZRGN2UzA2V1U
9/09/2013 13:45:45,Caz del Rasillo,39.37379,-2.99875,Entorno por donde discurría una antigua corriente de agua.,Entorno por donde discurría una antigua corriente de agua.,Ambiental,,
9/09/2013 13:48:49,La Hidalga,39.47231,-3.16243,Antigua casa rehabilitada en los últimos años situada dentro de la Reserva Natural del Salicor.,Antigua casa rehabilitada en los últimos años situada dentro de la Reserva Natural del Salicor.,Etnográfico,,https://drive.google.com/open?id=0B7LnjXUZ-4TASDR5R0xsRUdVQjg
9/09/2013 13:53:56,Casa de la Venta,39.44041,-3.14972,Restos de una antigua Venta que servía como lugar de descanso y aprovisionamiento en el camino para personas y caballerías.,Restos de una antigua Venta que servía como lugar de descanso y aprovisionamiento en el camino para personas y caballerías.,Etnográfico,,
9/09/2013 13:54:41,Canteras de Calamaco,39.43792,-3.14814,Antigua cantera ya abandonada.,Antigua cantera ya abandonada.,Etnográfico,,
9/09/2013 13:55:35,Casa de Chito,39.48675,-3.17925,Antigua casa de labranza que se sigue utilizando hoy en día,Antigua casa de labranza que se sigue utilizando hoy en día,Etnográfico,,
9/09/2013 13:58:07,Casa de Quirós,39.47965,-3.16438,Casa típica ,Casa típica ,Etnográfico,,
9/09/2013 13:59:23,Casa de los Losares,39.45959,-3.11977,Casa típica,Casa típica,Etnográfico,,
9/09/2013 14:01:40,Entorno de la Huerta el Bajo,39.43845,-3.11806,"Lugar de interés medioambiental cubierto en su día por grandes olmos que se secaron a causa de la grafiosis, aunque hoy en día se pueden ver vestigios; y donde se ubican, además de una casa carácterística del término, unos pozos en piedra de época medieval con bóveda mudejar; tapados hoy en día.","Lugar de interés medioambiental cubierto en su día por grandes olmos que se secaron a causa de la grafiosis, aunque hoy en día se pueden ver vestigios; y donde se ubican, además de una casa carácterística del término, unos pozos en piedra de época medieval con bóveda mudejar; tapados hoy en día.",Etnográfico,,https://drive.google.com/open?id=0B7LnjXUZ-4TAS0dWVUtNeml1LXc
9/09/2013 14:06:01,Paraje de los Siete Molinos,39.40932,-3.14655,"Lugar en que se situaban siete de los molinos antiguos situados en el término. En el Catastro del Marqués de la Ensenada realizado en 1.752, se señalaban 34 molinos de los que tan sólo quedaron 3 en pie tras el año 1.939 (Burleta, Infanto y Sardinero) que conservan su maquinaria original. Los molinos de vientos estuvieron funcionando hasta la década de los 50 del siglo pasado. ","Lugar en que se situaban siete de los molinos antiguos situados en el término. En el Catastro del Marqués de la Ensenada realizado en 1.752, se señalaban 34 molinos de los que tan sólo quedaron 3 en pie tras el año 1.939 (Burleta, Infanto y Sardinero) que conservan su maquinaria original. Los molinos de vientos estuvieron funcionando hasta la década de los 50 del siglo pasado. ",Etnográfico,s. XVI - XX,
9/09/2013 14:06:55,Pozo del Pico,39.42194,-3.15376,Pozo antiguo de piedra,Pozo antiguo de piedra,Etnográfico,,
9/09/2013 14:08:49,Pozos de la Guindalera,39.40999,-3.11853,Antiguos pozos de piedra de donde se abastecía la población de la villa de agua potable.,Antiguos pozos de piedra de donde se abastecía la población de la villa de agua potable.,Etnográfico,,"https://drive.google.com/open?id=0B7LnjXUZ-4TAbEtkOHFuQ0hyN3c, https://drive.google.com/open?id=0B7LnjXUZ-4TAeWVENkxLdXY4c00"
9/09/2013 14:10:31,Pozos de la Virgen,39.40586,-3.09424,"Pozos de piedra de donde se abastecía la población de agua potable. Situados en el lugar donde se asentaba el núcleo de población de Chitrana, probablemente surtían ya de agua a los antiguos moradores de la zona.","Pozos de piedra de donde se abastecía la población de agua potable. Situados en el lugar donde se asentaba el núcleo de población de Chitrana, probablemente surtían ya de agua a los antiguos moradores de la zona.",Etnográfico,,
9/09/2013 14:11:53,Pozos del Concejo,39.42297,-3.08718,Pozos de piedra antiguos de donde se abastecía de agua potable para personas y caballerías.,Pozos de piedra antiguos de donde se abastecía de agua potable para personas y caballerías.,Etnográfico,,
9/09/2013 14:13:09,Pozos de las olivas,39.41594,-3.09093,Antiguos pozos de piedra de donde se abastecían de agua potable los pobladores y las caballerías.,Antiguos pozos de piedra de donde se abastecían de agua potable los pobladores y las caballerías.,Etnográfico,,
9/09/2013 14:14:23,Cuevas de la Sierra,39.40989,-3.12507,Cuevas que fueron morada de pobladores en tiempos pasados situados junto al manantial del Caño.,Cuevas que fueron morada de pobladores en tiempos pasados situados junto al manantial del Caño.,Ambiental,,
9/09/2013 14:16:18,Cueva de la Laguna,39.41552,-3.10432,"Cueva natural sobre la que versan leyendas en su mayoría falsas. Probablemente sirviese de refugio de personas en su día, sin que se sepa mucho más de su aprovechamiento. Estudiadas por arqueólogos e incluso grabadas en su interior en los últimos años del s. XX, en los años sesenta se podía llegar hasta una sala con estalactitas.","Cueva natural sobre la que versan leyendas en su mayoría falsas. Probablemente sirviese de refugio de personas en su día, sin que se sepa mucho más de su aprovechamiento. Estudiadas por arqueólogos e incluso grabadas en su interior en los últimos años del s. XX, en los años sesenta se podía llegar hasta una sala con estalactitas.",Ambiental,,"https://drive.google.com/open?id=0B7LnjXUZ-4TAcUV2cVBDTC1JZzA, https://drive.google.com/open?id=0B7LnjXUZ-4TATTRUN1VtS3Z5OGc"
9/09/2013 14:17:12,Cuevas del Camino de la Virgen,39.40699,-3.10503,Pequeñas cuevas naturales ,Pequeñas cuevas naturales ,Ambiental,,https://drive.google.com/open?id=0B3W_f1BgyVGRNnNvZzBuQjl6T1k
9/09/2013 14:19:15,Cueva de la Litrosa,39.43079,-3.08655,Cueva natural. Cuenta la tradición que fue utilizada por los maquis al término de la guerra civil.,Cueva natural. Cuenta la tradición que fue utilizada por los maquis al término de la guerra civil.,Ambiental,,
9/09/2013 15:06:58,Casa del Tejado,39.26379,-3.10226,Punto de paso de la antigua Vereda de Quintanar,Punto de paso de la antigua Vereda de Quintanar,Etnográfico,,
9/09/2013 15:09:26,Ermita de Santa Ana,39.47155,-3.01119,Antigua ermita poblada por frailes. Término de El Toboso.,Antigua ermita poblada por frailes. Término de El Toboso.,Etnográfico,,
9/09/2013 15:12:08,Casa de Treviño,39.45194,-3.11651,Casa típica ,Casa típica ,Etnográfico,,
9/09/2013 15:15:05,La Cañamona,39.40050,-3.15732,Entorno característico del término,Entorno característico del término,Etnográfico,,
9/09/2013 15:16:18,Casa de Nieva,39.33587,-3.15260,Casa típica,Casa típica,Etnográfico,,
9/09/2013 15:18:05,Casa del Cerro Lobero,39.43487,-3.06519,Casa típica de labranza que sigue en activo hoy en día,Casa típica de labranza que sigue en activo hoy en día,Etnográfico,,
9/09/2013 15:19:00,Casa de Baillo,39.43679,-3.02776,Casa típica de campo,Casa típica de campo,Etnográfico,,
9/09/2013 15:23:16,Casa Granero,39.45714,-3.02266,Casa típica de campo,Casa típica de campo,Etnográfico,,
9/09/2013 15:24:54,Casa de Castilla,39.40340,-3.00334,Casa típica,Casa típica,Etnográfico,,https://drive.google.com/open?id=0B7LnjXUZ-4TAc1k3UlA1S1dKSzg
9/09/2013 15:25:39,Casa de los sastres,39.38181,-3.02064,Casa típica,Casa típica,Etnográfico,,
9/09/2013 15:26:53,Casa de los frailes,39.39004,-3.01244,Casa típica,Casa típica,Etnográfico,,
9/09/2013 15:30:22,Casa de los Infantes,39.37243,-3.00774,Casa típica,Casa típica,Etnográfico,,
9/09/2013 15:31:49,Casa del Secretario,39.34223,-3.04819,Casa típica,Casa típica,Etnográfico,,
9/09/2013 15:33:08,Casa Patricio,39.35534,-3.05025,Casa típica,Casa típica,Etnográfico,,
9/09/2013 15:35:33,Estación del Záncara,39.33509,-2.95004,Estación ferroviaria en desuso ubicada en término de tomelloso y construida en 1.929 en la línea ferroviaria que unía Madrid y Alicante. El motivo de su construcción tan alejada del núcleo de Pedro Muñoz se debe a que los habitantes de este municipio no la querían más cerca al encontrarla peligrosa por el riesgo de incendios en sus siembras. En la actualidad es uno de los dos posibles puntos donde se ubicaría el traslado de material radiactivo en su camino al ATC de Villar de Cañas.,Estación ferroviaria en desuso ubicada en término de tomelloso y construida en 1.929 en la línea ferroviaria que unía Madrid y Alicante. El motivo de su construcción tan alejada del núcleo de Pedro Muñoz se debe a que los habitantes de este municipio no la querían más cerca al encontrarla peligrosa por el riesgo de incendios en sus siembras. En la actualidad es uno de los dos posibles puntos donde se ubicaría el traslado de material radiactivo en su camino al ATC de Villar de Cañas.,Etnográfico,1929,
9/09/2013 15:39:17,Casa de la Cana,39.32577,-2.97523,Casa típica (término de Tomelloso),Casa típica (término de Tomelloso),Etnográfico,,
9/09/2013 15:40:04,Casa de Álvarez,39.32026,-2.97395,Casa típica,Casa típica,Etnográfico,,
9/09/2013 15:41:40,Casa de Ribera,39.35117,-3.03077,Casa típica,Casa típica,Etnográfico,,
9/09/2013 15:44:23,Casa de el Batán,39.34276,-3.02042,Casa típica,Casa típica,Etnográfico,,
9/09/2013 15:44:55,Casa del Molinillo,39.34731,-3.04647,Casa típica,Casa típica,Etnográfico,,
9/09/2013 15:46:53,Casa del Carralero,39.34883,-3.01040,Casa típica,Casa típica,Etnográfico,,
9/09/2013 15:47:50,Casa de las Mulas,39.29439,-3.06751,Casa típica,Casa típica,Etnográfico,,
9/09/2013 15:53:16,Casa Vieja,39.28643,-3.10615,Casa típica,Casa típica,Etnográfico,,
9/09/2013 15:54:17,Casa de el Siete,39.29053,-3.08132,Casa típica,Casa típica,Etnográfico,,
9/09/2013 15:54:58,Casa de Dña. Eugenia,39.28244,-3.10059,Casa típica,Casa típica,Etnográfico,,
9/09/2013 15:55:49,Casa de Baillo,39.32629,-3.07926,Casa típica,Casa típica,Etnográfico,,
9/09/2013 16:01:55,Casa de los Corríos,39.30453,-3.12063,Casa típica,Casa típica,Etnográfico,,
9/09/2013 16:03:15,Casa del Cuquillo,39.29751,-3.13848,Casa típica,Casa típica,Etnográfico,,
9/09/2013 16:11:40,Casa del Monte Viejo,39.36815,-3.04480,Casa típica,Casa típica,Etnográfico,,
9/09/2013 16:12:07,Casa de Lerín,39.36655,-3.05077,Casa típica,Casa típica,Etnográfico,,
9/09/2013 16:15:42,Casa de la Huerta Vento,39.33994,-3.10806,Casa típica,Casa típica,Etnográfico,,
9/09/2013 16:19:25,Casa de la Dehesa de Vistalegre,39.32985,-3.04605,Casa típica,Casa típica,Etnográfico,,
9/09/2013 16:20:19,Casa de los Nogales,39.33596,-3.04656,Casa típica,Casa típica,Etnográfico,,
9/09/2013 16:31:14,Casa de Lara,39.30714,-3.07317,Casa típica,Casa típica,Etnográfico,,
9/09/2013 16:32:31,Casa del Minguillo,39.24591,-3.10917,Casa típica,Casa típica,Etnográfico,,
9/09/2013 16:35:22,Casa de Torres,39.29060,-3.09969,Casa típica,Casa típica,Etnográfico,,
9/09/2013 16:37:54,Casa de Treviño,39.32982,-3.10038,Casa típica,Casa típica,Etnográfico,,
9/09/2013 16:38:56,Casa Ruescas,39.37710,-3.07579,Casa de campo,Casa de campo,Etnográfico,,
9/09/2013 16:44:56,Casa de la Huerta de Criptana,39.40074,-3.09868,Casa típica ,Casa típica ,Etnográfico,,
11/09/2013 13:38:17,Entorno de la Hidalga,39.47349,-3.16157,"Lugar en que se encuentran ubicados restos de un núcleo de población antiguo de época prerromana junto a una necrópolis de la misma época. Según el historiador Antonio Blazquez esta era ""...sin duda..."" la ciudad de Alces. En este lugar se han encontrado monedas y restos de cerámica griega lo que indica una posible relación entre esta cultura y los nativos; por su situación en una via de comunicación. Han aparecido restos de cerámica celtíbera junto con instrumentos de sílex y metálicos. Este lugar es muy probable que fuese utilizado posteriormente por los romanos para establecer una villa romana en las inmediaciones de lo que pudo ser la ciudad prerromana de Alces (citada por los historiadores romanos como Tito Livio). La aparición de un número considerable de piezas de época romana como monedas, cerámicas, útiles, etc.. da fe de la presencia de estos pobladores. Actualmente se puede observar sobre el terreno los restos de antiguas construcciones.","Lugar en que se encuentran ubicados restos de un núcleo de población antiguo de época prerromana junto a una necrópolis de la misma época. Según el historiador Antonio Blazquez esta era ""...sin duda..."" la ciudad de Alces. En este lugar se han encontrado monedas y restos de cerámica griega lo que indica una posible relación entre esta cultura y los nativos; por su situación en una via de comunicación. Han aparecido restos de cerámica celtíbera junto con instrumentos de sílex y metálicos. Este lugar es muy probable que fuese utilizado posteriormente por los romanos para establecer una villa romana en las inmediaciones de lo que pudo ser la ciudad prerromana de Alces (citada por los historiadores romanos como Tito Livio). La aparición de un número considerable de piezas de época romana como monedas, cerámicas, útiles, etc.. da fe de la presencia de estos pobladores. Actualmente se puede observar sobre el terreno los restos de antiguas construcciones.",Etnográfico,"Griega, celtíbera y romana (s. IV a I d.C.)",https://drive.google.com/open?id=0B7LnjXUZ-4TAb0loalNmRFNKcmc
11/09/2013 13:41:25,La Dehesilla,39.29253,-3.14054,Antigua casa de ganado en un paraje característico de la zona,Antigua casa de ganado en un paraje característico de la zona,Etnográfico,,
11/09/2013 13:43:58,Yacimiento del Pico,39.42240,-3.15582,"Entorno en que se ubica un yacimiento siguiendo el curso de un manantial antiguo de agua (actual Pozo del Pico) donde aparecieron restos de Cultura Campaniforme y donde hoy día se puede observar a pie de tierra los restos de un posible dolmen. Posiblemente sea el yacimiento más importante situado en el término por el prolongado tiempo de ocupación y la cantidad de materiales encontrados. En unas excavaciones realizadas en la década de los años 40 del s.XX en unas canteras de yeso, aparecieron vasijas de forma globular con restos humanos calcinados dispuestos en diferentes niveles.","Entorno en que se ubica un yacimiento siguiendo el curso de un manantial antiguo de agua (actual Pozo del Pico) donde aparecieron restos de Cultura Campaniforme y donde hoy día se puede observar a pie de tierra los restos de un posible dolmen. Posiblemente sea el yacimiento más importante situado en el término por el prolongado tiempo de ocupación y la cantidad de materiales encontrados. En unas excavaciones realizadas en la década de los años 40 del s.XX en unas canteras de yeso, aparecieron vasijas de forma globular con restos humanos calcinados dispuestos en diferentes niveles.",Histórico,Calcolítico final y Bronce I y II (2.000 a 725 a.C. aprox),
11/09/2013 13:47:27,Pozo del Charco,39.44718,-3.11197,Pozo típico,Pozo típico,Etnográfico,,
12/09/2013 14:16:33,Restos de cueva-silo de molino,39.41236,-3.12578,Habitáculos construidos junto a los molinos que se utilizaban para almacenar el grano o para encerrar las caballerizas del molinero. En la actualidad se halla restaurada completamente una construcción de estas características junto a cuesta de subida a la sierra.,Habitáculos construidos junto a los molinos que se utilizaban para almacenar el grano o para encerrar las caballerizas del molinero. En la actualidad se halla restaurada completamente una construcción de estas características junto a cuesta de subida a la sierra.,Etnográfico,S. XVI y XVII,
12/09/2013 14:23:52,Río Záncara,39.33081,-3.08192,"A unos ocho kilómetros al sur del núcleo urbano, atraviesa el término de Campo de Criptana de este a oeste y lo divide en dos mitades. 
Nace a 1.025 m de altitud en Abia de la Obispalía (Cuenca) yendo a desembocar en el río Gigüela en el término de Alcázar de San Juan y, a través de él, en el Guadiana, en las Tablas de Daimiel.
Es característica en su curso la formación de “tablas” o amplias superficies inundadas en la unión con otros ríos. Así, muy cerca de Criptana, en el término de Alcázar, podemos encontrar las “Tablillas del Záncara”  (cuando se une al Gigüela) o la “Cárcel de los Ríos” (cuando se une al canal del Guadiana Alto).
Dentro del término de Criptana, sus enclaves más reconocidos son el Puente de San Benito y el Puente de Hierro (este último en la carretera de Arenales).
El tramo local del Záncara es un área de moderada importancia para las aves acuáticas que aumenta su valor por su localización intermedia entre las lagunas de Alcázar de San Juan y Manjavacas-Pedro Muñoz.","A unos ocho kilómetros al sur del núcleo urbano, atraviesa el término de Campo de Criptana de este a oeste y lo divide en dos mitades. 
Nace a 1.025 m de altitud en Abia de la Obispalía (Cuenca) yendo a desembocar en el río Gigüela en el término de Alcázar de San Juan y, a través de él, en el Guadiana, en las Tablas de Daimiel.
Es característica en su curso la formación de “tablas” o amplias superficies inundadas en la unión con otros ríos. Así, muy cerca de Criptana, en el término de Alcázar, podemos encontrar las “Tablillas del Záncara”  (cuando se une al Gigüela) o la “Cárcel de los Ríos” (cuando se une al canal del Guadiana Alto).
Dentro del término de Criptana, sus enclaves más reconocidos son el Puente de San Benito y el Puente de Hierro (este último en la carretera de Arenales).
El tramo local del Záncara es un área de moderada importancia para las aves acuáticas que aumenta su valor por su localización intermedia entre las lagunas de Alcázar de San Juan y Manjavacas-Pedro Muñoz.",Ambiental,,
12/09/2013 14:25:15,Río Córcoles ,39.31172,-3.07875,"Afluente del Záncara de algo más de 88 km de longitud a cuyo cauce va a parar una canalización artificial (acequia) desde el término de
Socuellamos.  Desemboca en el Záncara a unos 900 m. antes de que este sea atravesado por la autovía de los viñedos.
En la actualidad su cauce se encuentra seco casi permanentemente excepto en años de muchas lluvias.
","Afluente del Záncara de algo más de 88 km de longitud a cuyo cauce va a parar una canalización artificial (acequia) desde el término de
Socuellamos.  Desemboca en el Záncara a unos 900 m. antes de que este sea atravesado por la autovía de los viñedos.
En la actualidad su cauce se encuentra seco casi permanentemente excepto en años de muchas lluvias.
",Ambiental,,
12/09/2013 14:26:47,Canal del Guadiana,39.23970,-3.10209,"Las Lagunas de Ruidera desaguan a través del cauce del Guadiana Alto que tiene una extensión de unos 76 km, naciendo en la localidad albaceteña de Viveros hasta Argamasilla de Alba. A partir del Embalse de Peñarroya y a través del Canal del Gran Prior, se aprovechan las aguas para el riego de los pueblos de la zona.
El canal del Guadiana es un curso artificial que recoge las aguas de desagüe del embalse de Peñarroya y, atravesando las poblaciones de Alameda de Cervera y Argamasilla de Alba, acaba desembocando en el río Záncara en la “Cárcel de los Ríos”, tabla ubicada en el término de Alcázar de San Juan, junto a la carretera de Manzanares. Su curso actual fue creado con motivo de la construcción del embalse de Peñarroya en 1.952 y sus aguas derivadas mediante una red de acequias llamaza “Zona Regable de Peñaroya”.
Su primer antecedente fue el Canal del Gran Prior, ahora ya en desuso,  sin duda la obra hidráulica más antigua ejecutada en la zona y de la que aún podemos encontrar vestigios por toda la zona. Hay quien atribuye su construcción al restaurador de Argamasilla de Alba D. Diego de Toledo, Prior de la Orden de San Juan (S. XVI), pero su construcción es evidentemente anterior a este Prior, teniéndola otros por obra de Fray Fernando Rodríguez en el siglo XIV. Su configuración definitiva se realiza en el siglo XVIII.
La finalidad de esta obra de canalización  era acabar con la vasta zona pantanosa formada entre el río Záncara y  el lugar de filtración o desaparición del río Pinilla (o Guadiana Alto o Viejo) por Peñarroya, a la vez que se aprovechaban las aguas para el riego.
","Las Lagunas de Ruidera desaguan a través del cauce del Guadiana Alto que tiene una extensión de unos 76 km, naciendo en la localidad albaceteña de Viveros hasta Argamasilla de Alba. A partir del Embalse de Peñarroya y a través del Canal del Gran Prior, se aprovechan las aguas para el riego de los pueblos de la zona.
El canal del Guadiana es un curso artificial que recoge las aguas de desagüe del embalse de Peñarroya y, atravesando las poblaciones de Alameda de Cervera y Argamasilla de Alba, acaba desembocando en el río Záncara en la “Cárcel de los Ríos”, tabla ubicada en el término de Alcázar de San Juan, junto a la carretera de Manzanares. Su curso actual fue creado con motivo de la construcción del embalse de Peñarroya en 1.952 y sus aguas derivadas mediante una red de acequias llamaza “Zona Regable de Peñaroya”.
Su primer antecedente fue el Canal del Gran Prior, ahora ya en desuso,  sin duda la obra hidráulica más antigua ejecutada en la zona y de la que aún podemos encontrar vestigios por toda la zona. Hay quien atribuye su construcción al restaurador de Argamasilla de Alba D. Diego de Toledo, Prior de la Orden de San Juan (S. XVI), pero su construcción es evidentemente anterior a este Prior, teniéndola otros por obra de Fray Fernando Rodríguez en el siglo XIV. Su configuración definitiva se realiza en el siglo XVIII.
La finalidad de esta obra de canalización  era acabar con la vasta zona pantanosa formada entre el río Záncara y  el lugar de filtración o desaparición del río Pinilla (o Guadiana Alto o Viejo) por Peñarroya, a la vez que se aprovechaban las aguas para el riego.
",Ambiental,,
12/09/2013 20:28:45,El polvorín,39.35308,-3.14239,"Según la tradición oral, en este lugar se almacenaba pólvora durante la Guerra Civil.En épocas posteriores, este espacio fue utilizado para el cultivo de champiñones","Según la tradición oral, en este lugar se almacenaba pólvora durante la Guerra Civil.En épocas posteriores, este espacio fue utilizado para el cultivo de champiñones",Etnográfico,,"https://drive.google.com/open?id=0B7LnjXUZ-4TASXlTR0FqdHBBTGs, https://drive.google.com/open?id=0B7LnjXUZ-4TANWtIbzhtLWFhZk0"
17/09/2013 19:27:48,Balsas,39.38883,-3.12573,Antiguo sistema de depuración de aguas residuales del municipio en desuso.,Antiguo sistema de depuración de aguas residuales del municipio en desuso.,Ambiental,,
17/09/2013 19:29:21,"Parque de la Naturaleza ""Tierra de Gigantes""",39.38841,-3.12829,"Parque público de reciente construcción ubicado junto a una zona industrial sobre la antigua EDAR por decantación de Campo de Criptana. Dos de  sus antiguas balsas  se intentan rellenar con agua a duras penas para, pretendidamente, atraer una avifauna que rememore un hábitat lagunar que solo se ha conseguido, hasta el momento, con el confinamiento de varias parejas de ánades en una charca cubierta con mallas. 
Chopos del Canadá y otras especies “de ribera” como pinos carrascos y olivos componen el acompañamiento vegetal del entorno.","Parque público de reciente construcción ubicado junto a una zona industrial sobre la antigua EDAR por decantación de Campo de Criptana. Dos de  sus antiguas balsas  se intentan rellenar con agua a duras penas para, pretendidamente, atraer una avifauna que rememore un hábitat lagunar que solo se ha conseguido, hasta el momento, con el confinamiento de varias parejas de ánades en una charca cubierta con mallas. 
Chopos del Canadá y otras especies “de ribera” como pinos carrascos y olivos componen el acompañamiento vegetal del entorno.",Ambiental,,
17/09/2013 19:31:12,Cerro del Cristo,39.44307,-3.13934,"Cerro que sirvió como punto de vigilancia de la Marca Media durante la Reconquista de estos territorios por los cristianos, y desde donde se puede comunicar con otras torres vigias commo la del Montón de Trigo o La Mira.","Cerro que sirvió como punto de vigilancia de la Marca Media durante la Reconquista de estos territorios por los cristianos, y desde donde se puede comunicar con otras torres vigias commo la del Montón de Trigo o La Mira.",Histórico,Medieval,https://drive.google.com/open?id=0B7LnjXUZ-4TAUnNpRlNOa1VGcVk
26/09/2013 23:24:50,Restos de la Dehesa del Navazo Las Piedras,39.32945,-3.04407,Restos de dehesa típica de la zona ya desaparecida.,Restos de dehesa típica de la zona ya desaparecida.,Ambiental,,
18/10/2013 18:34:30,Yacimiento romano-medieval de Villajos,39.44398,-3.13951,"Se extiende a lo largo de la CM-330 y a lo ancho de la CM-3105.
Tiene un gran potencial arqueológico.","Se extiende a lo largo de la CM-330 y a lo ancho de la CM-3105.
Tiene un gran potencial arqueológico.",Histórico,romano-medieval,
27/10/2013 9:42:16,Chozo geminado Luis Monte,39.47360,-3.15731,"Chozo doble con habitáculos independientes. En 2010, el oriental con derrumbes laterales que pueden precipitar su ruina.","Chozo doble con habitáculos independientes. En 2010, el oriental con derrumbes laterales que pueden precipitar su ruina.",Etnográfico,Contemporánea.,
27/10/2013 9:44:47,Chozo Paco,39.45905,-3.13906,"Chozo típico criptanense, con puerta pequeña y estrecha. En buen estado de conservación.","Chozo típico criptanense, con puerta pequeña y estrecha. En buen estado de conservación.",Etnográfico,,
27/10/2013 9:51:00,Chozo Librero,39.47107,-3.13887,"Chozo evolucionado de otro más antiguo. Visiblemente afectado por reconstrucciones modernas que lo convierten en bombo.
Sirve de nombre del paraje donde se encuentra.","Chozo evolucionado de otro más antiguo. Visiblemente afectado por reconstrucciones modernas que lo convierten en bombo.
Sirve de nombre del paraje donde se encuentra.",Etnográfico,,
27/10/2013 9:53:23,Chozo Hermano Telares,39.47891,-3.13662,"Chozo doble recubierto de yeso, tiene la puerta situada al Norte.","Chozo doble recubierto de yeso, tiene la puerta situada al Norte.",Etnográfico,Contemporánea,
27/10/2013 10:02:27,Corraliza Sarro,39.46087,-3.14388,"Situada junto al chozo del mismo nombre, es la corraliza mejor conservada de nuestro término.","Situada junto al chozo del mismo nombre, es la corraliza mejor conservada de nuestro término.",Etnográfico,Contemporánea,
27/10/2013 10:08:06,Choza Senda Cantareros,39.47679,-3.15388,"Típica choza para ser cubierta con ramajes y matorrales. Está deteriorada, pero parece fuerte y resistente en 2010.","Típica choza para ser cubierta con ramajes y matorrales. Está deteriorada, pero parece fuerte y resistente en 2010.",Etnográfico,Contemporánea,
28/10/2013 20:09:13,Chozo Telares,39.47894,-3.13820,"Bombo doble evolucionado a cocero. Tiene dos bombos unidos internamente, chimenea, poyo y cuadra.","Bombo doble evolucionado a cocero. Tiene dos bombos unidos internamente, chimenea, poyo y cuadra.",Etnográfico,Contemporánea,
28/10/2013 20:18:35,Chozo Lino,39.45336,-3.12713,Chozo típico criptanense de pastores.,Chozo típico criptanense de pastores.,Etnográfico,Contemporánea,
28/10/2013 20:20:30,Chozo Loncio,39.45996,-3.12853,Muy buen estado de conservación. Tiene una ventana a poniente y está revocado con barro internamente.,Muy buen estado de conservación. Tiene una ventana a poniente y está revocado con barro internamente.,Etnográfico,Contemporánea,
28/10/2013 20:21:56,Chozo Rastra,39.47482,-3.12779,Típico chozo de agricultor.,Típico chozo de agricultor.,Etnográfico,Contemporánea,
28/10/2013 20:23:47,Chozo Cañada,39.47692,-3.12352,Chozo típico de pastores.,Chozo típico de pastores.,Etnográfico,Contemporánea.,
28/10/2013 20:25:39,Chozo Tapao,39.47207,-3.11359,Chozo típico de ganaderos.,Chozo típico de ganaderos.,Etnográfico,Contemporánea.,
28/10/2013 20:27:40,Chocero El Duque,39.47330,-3.12017,Evolución de chozo a cocero,Evolución de chozo a cocero,Etnográfico,Contemporánea.,
28/10/2013 20:30:07,Chozo Corona,39.46341,-3.12550,Chozo de ganaderos tipo Casilla riojana por su elevada bóveda.,Chozo de ganaderos tipo Casilla riojana por su elevada bóveda.,Etnográfico,Contemporánea.,
28/10/2013 20:31:22,Chozo almendros,39.46230,-3.12385,Chozo de pastores integrado en un majano.,Chozo de pastores integrado en un majano.,Etnográfico,Contemporánea.,
28/10/2013 20:36:35,Corral del Puerco,39.44502,-3.10700,Corral para encerrar ganado.,Corral para encerrar ganado.,Etnográfico,Contemporánea.,
10/11/2013 19:14:46,Chozo Laceno,39.42296,-3.05052,Situado entre una cerca entre almendros.,Situado entre una cerca entre almendros.,Etnográfico,Contemporánea,
10/11/2013 19:17:52,Melibro,39.42224,-3.05170,"Quizás fue el chozo más representativo, completo y antiguo de Criptana. Metido ahora en el interior de una finca particular y modificado a las necesidades del dueño.","Quizás fue el chozo más representativo, completo y antiguo de Criptana. Metido ahora en el interior de una finca particular y modificado a las necesidades del dueño.",Etnográfico,Contemporánea,
10/11/2013 19:24:22,Chozo Mónjeles,39.41829,-3.04667,Chozo representativo de la comarca. Muy bien acabado y en muy buen estado de conservación.,Chozo representativo de la comarca. Muy bien acabado y en muy buen estado de conservación.,Etnográfico,Contemporánea.,
10/11/2013 19:27:38,Chozo Soterrao,39.42153,-3.05769,"Es el único chozo del término que tiene su suelo interior a un nivel inferior del la superficie, semejante a un fondo de cabaña rematado en piedra en vez de cubierta vegetal.","Es el único chozo del término que tiene su suelo interior a un nivel inferior del la superficie, semejante a un fondo de cabaña rematado en piedra en vez de cubierta vegetal.",Etnográfico,Contemporánea.,
10/11/2013 19:35:25,Chozo Tolodao,39.42341,-3.06552,"Chozo prácticamente metido dentro de un majano ya que han ido echando piedras a su alrededor tapándolo casi completamente, sólo se aprecia descubierta una parte de su puerta.","Chozo prácticamente metido dentro de un majano ya que han ido echando piedras a su alrededor tapándolo casi completamente, sólo se aprecia descubierta una parte de su puerta.",Etnográfico,Contemporánea.,
10/11/2013 19:38:19,Chozo Tobías,39.42013,-3.07129,"Cubierto por una enormidad de piedras sueltas y tierra, más parece un montón de piedras que un chozo. Tiene una pequeña corraliza en su parte meridional y en su interior habitaban zorros en 2011.","Cubierto por una enormidad de piedras sueltas y tierra, más parece un montón de piedras que un chozo. Tiene una pequeña corraliza en su parte meridional y en su interior habitaban zorros en 2011.",Etnográfico,Contemporánea.,
10/11/2013 19:41:08,Chozo Moriscote,39.41866,-3.07113,"Chozo evolucionado en estructura vertical ya que aparecen nervaduras al estilo gótico para cerrarlo por clave. -es un paso intermedio entre el chozo y el bombo. Tiene varios nombres como del moro, morisco y moriscote.","Chozo evolucionado en estructura vertical ya que aparecen nervaduras al estilo gótico para cerrarlo por clave. -es un paso intermedio entre el chozo y el bombo. Tiene varios nombres como del moro, morisco y moriscote.",Etnográfico,Contemporánea.,
10/11/2013 19:54:54,Chozo Cagalto,39.40517,-3.05647,"Chozo pequeño, tiene, en 2011, muy deteriorado el lado oriental por acción humana, posiblemente de cazadores.","Chozo pequeño, tiene, en 2011, muy deteriorado el lado oriental por acción humana, posiblemente de cazadores.",Etnográfico,Contemporánea.,
10/11/2013 20:01:31,Chozo Genaro,39.39780,-3.06852,"Chozo tradicional, reconstruido en 2012 sin respetar las características de las construcciones en piedra seca.","Chozo tradicional, reconstruido en 2012 sin respetar las características de las construcciones en piedra seca.",Etnográfico,Contemporánea.,
10/11/2013 20:22:05,Chozo El Partidario,39.38307,-3.03761,Chozo con cono elevado tipo cuco o cubillo. es el único que se ha localizado en ese entorno.,Chozo con cono elevado tipo cuco o cubillo. es el único que se ha localizado en ese entorno.,Etnográfico,Contemporánea.,
10/11/2013 20:40:41,Chozo Canino,39.41335,-3.05008,Chozo con puerta a saliente. Buen estado de conservación en 2011.,Chozo con puerta a saliente. Buen estado de conservación en 2011.,Etnográfico,Contemporánea.,
10/11/2013 20:46:19,Chozo MAroto,39.41565,-3.03420,Chozo situado entre la unión de tres caminos.,Chozo situado entre la unión de tres caminos.,Etnográfico,Contemporánea.,
9/02/2014 19:13:47,Campamento de Tiberio Sempronio Graco ,39.42304,-3.08697,"Posible situación del campamento de Tiberio Sempronio Graco en las guerras de conquista de Celtiberia, 178 a.C.para el sometimiento de las ciudades celtibéricas Alces y Certima","Posible situación del campamento de Tiberio Sempronio Graco en las guerras de conquista de Celtiberia, 178 a.C.para el sometimiento de las ciudades celtibéricas Alces y Certima",Etnográfico,Edad del Hierro,
9/02/2014 19:18:09,Necrópolis celtibérica,39.45124,-3.13119,Corresponde a la necrópolis de una ciudad celtibérica situada en su entorno. Los restos de incineración aparecen en peqeuñas vasijas globulares. Varias de estas vasijas se descubrieron al realizar la conducción de agua hacia Alcázar.,Corresponde a la necrópolis de una ciudad celtibérica situada en su entorno. Los restos de incineración aparecen en peqeuñas vasijas globulares. Varias de estas vasijas se descubrieron al realizar la conducción de agua hacia Alcázar.,Etnográfico,Edad del Hierro,
9/02/2014 19:22:37,Posadas Viejas,39.32792,-3.08462,Asentamiento medieval sobre una villa romana situada en la via Titulcia - Laminio que guardaba el puente.,Asentamiento medieval sobre una villa romana situada en la via Titulcia - Laminio que guardaba el puente.,Etnográfico,Romano-Medieval,
9/02/2014 19:31:04,Cerro de La Atalaya,39.41346,-3.08818,Motilla de la época del Bronce final o MAnchego; profanada antes del los años setenta.,Motilla de la época del Bronce final o MAnchego; profanada antes del los años setenta.,Etnográfico,Edad del Bronce,
9/02/2014 19:33:39,Necrópolis,39.41377,-3.08827,Posible necrópolis. Aparecen fosas de inhumación escavadas en la piedra.,Posible necrópolis. Aparecen fosas de inhumación escavadas en la piedra.,Etnográfico,Bronce celtibérico,
9/02/2014 19:39:33,Chozo del Rey,39.42161,-3.06305,"Chozo geminado muy popular, está muy modificado por actuaciones recientes, revocado en yeso.","Chozo geminado muy popular, está muy modificado por actuaciones recientes, revocado en yeso.",Etnográfico,Contenporánea,
9/02/2014 19:41:13,Chozo Escalerillas,39.42283,-3.05083,Chozo muy actual revocado en yeso.,Chozo muy actual revocado en yeso.,Etnográfico,Contemporánea,
25/03/2014 15:01:24,Chozo Sarro,39.46090,-3.14504,Construcción rural en piedra seca.,Construcción rural en piedra seca.,Etnográfico,Contemporánea,
25/03/2014 15:04:25,Chozo Pedorrito,39.47181,-3.14086,Construcción rural en piedra seca.,Construcción rural en piedra seca.,Etnográfico,Contemporánea,
25/03/2014 15:06:20,Chocero El Pilio,39.47399,-3.13955,Construcción rural en piedra seca. Mezcla de chozo y cocero.,Construcción rural en piedra seca. Mezcla de chozo y cocero.,Etnográfico,Contemporánea,
25/03/2014 15:07:34,Chozo Rana,39.46540,-3.14103,Construcción rural en piedra seca. Muy deteriorado,Construcción rural en piedra seca. Muy deteriorado,Etnográfico,Contenporánea,
25/03/2014 15:09:22,Chacue Cañada,39.45225,-3.14065,Construcción rural mezcla de choza y cueva,Construcción rural mezcla de choza y cueva,Etnográfico,Contenporánea,
25/03/2014 15:12:10,Chozo Poyosebre,39.47233,-3.13466,Construcción rural en piedra seca,Construcción rural en piedra seca,Etnográfico,Contenporánea,
25/03/2014 15:19:42,Chozo geminado Alto Loma,39.48001,-3.12101,Chozo geminado. Construcción rural en piedra seca,Chozo geminado. Construcción rural en piedra seca,Etnográfico,Contenporánea,
25/03/2014 15:21:19,Chozo doble vereda,39.47838,-3.12383,"Chozo geminado, construcción rural en piedra seca.","Chozo geminado, construcción rural en piedra seca.",Etnográfico,Contenporánea,
25/03/2014 15:22:13,Chozo Vereda,39.47693,-3.12351,Construcción rural en piedra seca,Construcción rural en piedra seca,Etnográfico,Contenporánea,
25/03/2014 15:26:10,Chozo doble Losares,39.46173,-3.12608,Construcción rural en piedra seca.,Construcción rural en piedra seca.,Etnográfico,Contenporánea,
25/03/2014 15:29:15,Chozo El Chuli,39.46034,-3.10326,Construcción rural en piedra seca.,Construcción rural en piedra seca.,Etnográfico,Contenporánea,
25/03/2014 15:33:02,Chozo E Huerta El Bajo,39.43717,-3.11482,Construcción rural en piedra seca.,Construcción rural en piedra seca.,Etnográfico,Contenporánea,
25/03/2014 15:35:21,Chozo Coronatri,39.44351,-3.10623,Construcción rural en piedra seca.,Construcción rural en piedra seca.,Etnográfico,Contenporánea,
25/03/2014 15:36:45,Chozo Serrao,39.44361,-3.10636,Construcción rural en piedra seca.,Construcción rural en piedra seca.,Etnográfico,Contenporánea,
25/03/2014 15:37:29,Chozo Torreón,39.44391,-3.10664,Construcción rural en piedra seca.,Construcción rural en piedra seca.,Etnográfico,Contenporánea,
25/03/2014 15:38:33,Chozo Cañavate,39.44869,-3.10327,Construcción rural en piedra seca.,Construcción rural en piedra seca.,Etnográfico,Contenporánea,
25/03/2014 15:41:27,Chozo Pocopelo,39.44945,-3.10194,Construcción rural en piedra seca.,Construcción rural en piedra seca.,Etnográfico,Contenporánea,
25/03/2014 15:44:24,Chozo geminado Amancio,39.45156,-3.10043,Chozo doble. Construcción rural en piedra seca.,Chozo doble. Construcción rural en piedra seca.,Etnográfico,Contenporánea,
25/03/2014 15:46:44,Chozo Villajos,39.45211,-3.10211,Construcción rural en piedra seca.,Construcción rural en piedra seca.,Etnográfico,Contemporánea,
25/03/2014 15:48:38,Chozo Octavio,39.45118,-3.10681,Construcción rural en piedra seca.,Construcción rural en piedra seca.,Etnográfico,Contenporánea,
25/03/2014 15:50:04,Chozo Tinajjo,39.45385,-3.10214,Construcción rural en piedra seca.,Construcción rural en piedra seca.,Etnográfico,Contenporánea,
25/03/2014 15:52:12,Chozo Tinajo,39.46385,-3.09880,Construcción rural en piedra seca.,Construcción rural en piedra seca.,Etnográfico,Contenporánea,
25/03/2014 15:54:44,Chozo Bote Tomate,39.45832,-3.09598,Construcción rural en piedra seca.,Construcción rural en piedra seca.,Etnográfico,Contenporánea,
25/03/2014 15:56:04,Chozo El Cojo,39.42104,-3.10059,Construcción rural en piedra seca.,Construcción rural en piedra seca.,Etnográfico,Contenporánea,
25/03/2014 15:57:18,Chozo MAnos Vueltas,39.42365,-3.09551,Construcción rural en piedra seca.,Construcción rural en piedra seca.,Etnográfico,Contenporánea,
25/03/2014 16:02:38,Corral del Tratante,39.43206,-3.10261,Construcción rural en piedra seca.,Construcción rural en piedra seca.,Etnográfico,Contenporánea,
25/03/2014 16:03:45,Chozo Cañada,39.42990,-3.10311,Construcción rural en piedra seca.,Construcción rural en piedra seca.,Etnográfico,Contenporánea,
25/03/2014 16:04:56,Chozo del Tratante,39.43046,-3.10120,Construcción rural en piedra seca.,Construcción rural en piedra seca.,Etnográfico,Contenporánea,
25/03/2014 16:05:57,Chozo Rumí,39.43407,-3.09835,Construcción rural en piedra seca.,Construcción rural en piedra seca.,Etnográfico,Contenporánea,
25/03/2014 16:07:09,Chozo Tortas,39.43725,-3.09949,Construcción rural en piedra seca.,Construcción rural en piedra seca.,Etnográfico,Contenporánea,
25/03/2014 16:08:54,Bombo Sañoso,39.43940,-3.09322,Construcción rural en piedra seca. Tiene dos conos y ha sido restaurado en 2013 acertadamente.,Construcción rural en piedra seca. Tiene dos conos y ha sido restaurado en 2013 acertadamente.,Etnográfico,Contenporánea,
25/03/2014 16:09:44,Chozo Panadero,39.44493,-3.08712,Construcción rural en piedra seca.,Construcción rural en piedra seca.,Etnográfico,Contenporánea,
25/03/2014 16:10:29,Chozo E Panadero,39.44451,-3.08536,Construcción rural en piedra seca.,Construcción rural en piedra seca.,Etnográfico,Contenporánea,
25/03/2014 16:12:19,Chocero Pistas,39.45592,-3.08399,"Construcción rural en piedra seca; mezcla de chozo y cocero En 2013 salvado de la destrucción masiva del entorno primigenio de la sierra, de la que están desapareciendo senderos, cercas, árboles y parcelas y con ello toda la vegetación y fauna existente; debido a la compra de todo el entorno por un particular que ha hecho suyo no sólo las parcelas agrícolas sino los senderos, caminos y cercas, convirtiendo el paraje natural de la sierra con los senderos, matorrales, almendros y arbustos en un extenso paisaje desértico.","Construcción rural en piedra seca; mezcla de chozo y cocero En 2013 salvado de la destrucción masiva del entorno primigenio de la sierra, de la que están desapareciendo senderos, cercas, árboles y parcelas y con ello toda la vegetación y fauna existente; debido a la compra de todo el entorno por un particular que ha hecho suyo no sólo las parcelas agrícolas sino los senderos, caminos y cercas, convirtiendo el paraje natural de la sierra con los senderos, matorrales, almendros y arbustos en un extenso paisaje desértico.",Etnográfico,Contemporánea,
25/03/2014 16:20:45,Chocero Carmelo,39.39718,-3.05585,Construcción rural en piedra seca.,Construcción rural en piedra seca.,Etnográfico,Contemporánea,
25/03/2014 16:31:49,Chozo Tolodao,39.41639,-3.05103,Construcción rural en piedra seca.,Construcción rural en piedra seca.,Etnográfico,Contenporánea,
25/03/2014 16:33:57,Chozo Heruela,39.43609,-3.04021,Construcción rural en piedra seca.,Construcción rural en piedra seca.,Etnográfico,Contenporánea,
25/03/2014 16:36:35,Chozo Ceronero,39.41681,-3.01896,Construcción rural en piedra seca.,Construcción rural en piedra seca.,Etnográfico,Contemporánea,
25/03/2014 18:58:59,Bomobo El Parío,39.26595,-3.06805,Construcción rural en piedra seca.,Construcción rural en piedra seca.,Etnográfico,Contenporánea,
25/03/2014 19:00:16,Bombo Brazales,39.26008,-3.06371,Construcción rural en piedra seca.,Construcción rural en piedra seca.,Etnográfico,Contenporánea,
25/03/2014 19:01:06,Bombo Loteria,39.26240,-3.06225,Construcción rural en piedra seca.,Construcción rural en piedra seca.,Etnográfico,Contenporánea,
25/03/2014 19:12:24,Bombo LLueca,39.26180,-3.08486,Construcción rural en piedra seca.,Construcción rural en piedra seca.,Etnográfico,Contenporánea,
25/03/2014 19:15:19,Bombo E Llueca,39.26118,-3.07841,Construcción rural en piedra seca.,Construcción rural en piedra seca.,Etnográfico,Contenporánea,
25/03/2014 19:16:28,Bombo W Llueca,39.26107,-3.08829,Construcción rural en piedra seca.,Construcción rural en piedra seca.,Etnográfico,Contenporánea,
25/03/2014 19:17:15,Bombo Caravainas,39.25666,-3.07648,Construcción rural en piedra seca.,Construcción rural en piedra seca.,Etnográfico,Contenporánea,
25/03/2014 19:18:07,Bombo Justo,39.25592,-3.07333,Construcción rural en piedra seca.,Construcción rural en piedra seca.,Etnográfico,Contenporánea,
25/03/2014 19:19:18,Bombo Tres Conos,39.24959,-3.07769,Construcción rural en piedra seca.,Construcción rural en piedra seca.,Etnográfico,Contenporánea,
25/03/2014 19:20:18,Bombo E Tres Conos,39.24905,-3.08038,Construcción rural en piedra seca.,Construcción rural en piedra seca.,Etnográfico,Contenporánea,
25/03/2014 19:21:13,Chozo Avispao,39.24692,-3.08382,Construcción rural en piedra seca.,Construcción rural en piedra seca.,Etnográfico,Contenporánea,
25/03/2014 19:22:10,Chozo Taray,39.24600,-3.08458,Construcción rural en piedra seca.,Construcción rural en piedra seca.,Etnográfico,Contenporánea,
27/03/2014 18:15:16,Bombo La PAría,39.23210,-3.04496,Construcción rural en piedra seca.,Construcción rural en piedra seca.,Etnográfico,Contenporánea,
27/03/2014 18:20:25,Bombo Almenara,39.22961,-3.04079,Construcción rural en piedra seca.,Construcción rural en piedra seca.,Etnográfico,Contenporánea,
27/03/2014 18:21:39,Chozo Camino Campo,39.22941,-3.03810,Construcción rural en piedra seca.,Construcción rural en piedra seca.,Etnográfico,Contemporánea,
27/03/2014 18:22:49,Chozo del Bacín,39.23234,-3.05412,Construcción rural en piedra seca.,Construcción rural en piedra seca.,Etnográfico,Contenporánea,
27/03/2014 18:23:39,Chozo Garrote,39.23323,-3.05591,Construcción rural en piedra seca.,Construcción rural en piedra seca.,Etnográfico,Contenporánea,
27/03/2014 18:24:32,Chozo N Garrote,39.23466,-3.05496,Construcción rural en piedra seca.,Construcción rural en piedra seca.,Etnográfico,Contenporánea,
27/03/2014 18:33:50,Bombo de Ojo Azul,39.21722,-3.04097,Construcción rural en piedra seca.,Construcción rural en piedra seca.,Etnográfico,Contenporánea,
27/03/2014 18:34:44,Bomobo de Peinado,39.21265,-3.04055,Construcción rural en piedra seca. Sorprendentemente grande.,Construcción rural en piedra seca. Sorprendentemente grande.,Etnográfico,Contenporánea,
27/03/2014 18:35:50,Bombo del Toledano,39.21363,-3.04597,Construcción rural en piedra seca.,Construcción rural en piedra seca.,Etnográfico,Contenporánea,
27/03/2014 18:36:59,Bombo Capirote,39.20828,-3.04930,Construcción rural en piedra seca.,Construcción rural en piedra seca.,Etnográfico,Contenporánea,
27/03/2014 18:40:01,Chozo geminado Atascaburras,39.22146,-3.03738,Construcción rural en piedra seca. Tiene dos conos.,Construcción rural en piedra seca. Tiene dos conos.,Etnográfico,Contenporánea,
27/03/2014 19:14:34,Bombo La Bóbeda,39.21588,-3.07371,Construcción rural en piedra seca. El acceso de entradatiene bóveda en vez de dintel.,Construcción rural en piedra seca. El acceso de entradatiene bóveda en vez de dintel.,Etnográfico,Contenporánea,
27/03/2014 19:15:30,Chozo del Águila,39.22141,-3.07449,Construcción rural en piedra seca.,Construcción rural en piedra seca.,Etnográfico,Contenporánea,
27/03/2014 19:16:06,Bombo La Parcilla,39.23042,-3.08622,Construcción rural en piedra seca.,Construcción rural en piedra seca.,Etnográfico,Contenporánea,
27/03/2014 19:16:53,Bombo Montearroz,39.23726,-3.08962,Construcción rural en piedra seca.,Construcción rural en piedra seca.,Etnográfico,Contenporánea,
27/03/2014 19:18:06,Bombo Blanco,39.23756,-3.08261,Construcción rural en piedra seca. Muy bien acondicionado y mantenido en 2011.,Construcción rural en piedra seca. Muy bien acondicionado y mantenido en 2011.,Etnográfico,Contenporánea,
27/03/2014 19:19:28,Chozo Perales,39.23264,-3.05484,Construcción rural en piedra seca.,Construcción rural en piedra seca.,Etnográfico,Contenporánea,
27/03/2014 19:21:27,Bombo Chimeneo,39.22519,-3.05589,Construcción rural en piedra seca.,Construcción rural en piedra seca.,Etnográfico,Contenporánea,
27/03/2014 19:22:16,Bombo Avance,39.22525,-3.05585,Construcción rural en piedra seca.,Construcción rural en piedra seca.,Etnográfico,Contenporánea,
25/03/2015 23:46:48,Cueva-silo del Molino hundío,39.41354,-3.12551,Lugar destinado a almacenar el cereal ,Lugar destinado a almacenar el cereal ,Etnográfico,Contemporánea,
25/03/2015 23:49:39,Cueva-silo del Molino Horno de Poya,39.41193,-3.13094,Lugar para almacenar el cereal,Lugar para almacenar el cereal,Etnográfico,Contemporánea,
25/03/2015 23:56:19,Horno de cal de la Huerta de Treviño,39.44435,-3.12634,Antiguo horno de donde se extraía piedra caliza,Antiguo horno de donde se extraía piedra caliza,Etnográfico,Contemporánea,
25/03/2015 23:58:09,Hornos de cal de la Ctra. Virgen,39.40105,-3.10263,Lugar donde se extraía piedra para hacer cal,Lugar donde se extraía piedra para hacer cal,Etnográfico,Contemporánea,
26/03/2015 0:01:52,Cantera Casa Menudos,39.33957,-3.04574,Antigua cantera,Antigua cantera,Etnográfico,Contemporánea,
26/03/2015 0:04:06,Cantera de La Sierra,39.41302,-3.11503,Antigua cantera en desuso,Antigua cantera en desuso,Etnográfico,Contemporánea,
26/03/2015 0:06:04,Cantera Menudos II,39.33383,-3.04793,Antigua cantera,Antigua cantera,Etnográfico,Contemporánea,
26/03/2015 0:11:52,Casa de Pedro Malo,39.21164,-3.03128,Casa antigua,Casa antigua,Etnográfico,Contemporánea,
26/03/2015 0:14:22,Casa de Treviñeja,39.26196,-3.10699,Casa de campo,Casa de campo,Etnográfico,Contemporánea,
26/03/2015 0:17:05,Casa del Alto del Serrano,39.46986,-3.10325,Casa de campo,Casa de campo,Etnográfico,Contemporánea,
26/03/2015 0:20:17,Casa de Paletas,39.46048,-3.09324,Casa de campo,Casa de campo,Etnográfico,Contemporánea,
26/03/2015 0:26:11,Casa del Olmo (de los Cominos),39.45435,-3.02424,Casa de campo,Casa de campo,Etnográfico,Contemporánea,
26/03/2015 0:30:22,Casa de la Bóveda,39.42515,-3.01394,Casa de campo,Casa de campo,Etnográfico,Contemporánea,
26/03/2015 0:36:10,Casa de Pedro Malo II,39.23317,-3.04098,Casa de campo,Casa de campo,Etnográfico,Contemporánea,
26/03/2015 0:40:03,Casa de Treviño,39.45198,-3.11669,Casa de campo,Casa de campo,Etnográfico,Contemporánea,
26/03/2015 0:43:49,Casa de los cuartillos,39.41717,-3.08267,Restos de casa de campo,Restos de casa de campo,Etnográfico,Contemporánea,
26/03/2015 0:47:40,Casa del Rasillo,39.37073,-3.02811,Casa de Campo,Casa de Campo,Etnográfico,Contemporánea,
26/03/2015 0:49:21,Casa de Treviño II,39.37327,-3.03160,Casa de campo,Casa de campo,Etnográfico,Contemporánea,
26/03/2015 0:50:47,Casa del Valenciano,39.36543,-3.03163,Casa de campo,Casa de campo,Etnográfico,Contemporánea,
26/03/2015 0:51:24,Casa de Juan Ferran,39.36297,-3.03686,Casa de Campo,Casa de Campo,Etnográfico,Contemporánea,
26/03/2015 0:54:31,Casa de Castilla II,39.27177,-3.06244,Casa de campo,Casa de campo,Etnográfico,Contemporánea,
26/03/2015 0:57:10,Casa de Marta,39.23033,-3.07334,Casa de campo,Casa de campo,Etnográfico,Contemporánea,
26/03/2015 1:04:30,Casa de los Cuartos,39.30189,-3.09214,Casa de campo,Casa de campo,Etnográfico,Contemporánea,
26/03/2015 1:07:06,Casa Rogelio,39.35136,-3.12758,Casa de campo,Casa de campo,Etnográfico,Contemporánea,
26/03/2015 1:14:20,Casa de Lara,39.30717,-3.07351,Casa de Campo,Casa de Campo,Etnográfico,Contemporánea,
26/03/2015 1:15:55,Casa de la Rosa,39.29827,-3.07840,Campo de campo,Campo de campo,Etnográfico,Contemporánea,
26/03/2015 1:17:17,Casa del Haza del Manjanar,39.42427,-2.99581,Casa de campo,Casa de campo,Etnográfico,Contemporánea,
26/03/2015 1:19:59,Casa del Toconar,39.35497,-3.04536,Casa de campo,Casa de campo,Etnográfico,Contemporánea,
26/03/2015 1:22:45,Cueva de los Losares,39.45641,-3.13984,Cueva natural de origen kárstico.,Cueva natural de origen kárstico.,Ambiental,Contemporánea,
26/03/2015 1:25:47,Cueva de la Cañada del Águila,39.43566,-3.14205,Cueva,Cueva,Etnográfico,Contemporánea,
26/03/2015 1:28:50,Cueva de la Huerta de Treviño,39.44952,-3.12540,Cueva,Cueva,Etnográfico,Contemporánea,
26/03/2015 1:31:24,Cueva de la Atalaya,39.41564,-3.08467,Cueva,Cueva,Etnográfico,Contemporánea,
26/03/2015 1:34:22,Cueva de la Cuesta,39.41764,-3.08180,Cueva,Cueva,Etnográfico,Contemporánea,
26/03/2015 1:36:19,Cueva-abrigo del Real,39.40634,-3.10355,Cueva,Cueva,Etnográfico,Contemporánea,
26/03/2015 1:39:08,Noria de los Perogiles,39.34479,-3.00517,Noria ,Noria ,Etnográfico,Contemporánea,
26/03/2015 1:43:18,Pozo del Charco,39.44720,-3.11196,Pozo,Pozo,Etnográfico,Contemporánea,
26/03/2015 1:47:41,Pozos de las Eras de Arriba,39.40350,-3.11489,Pozos,Pozos,Etnográfico,Contemporánea,
26/03/2015 1:49:21,Eras del Pico,39.40861,-3.13582,Antiguas eras,Antiguas eras,Etnográfico,Contemporánea,
26/03/2015 1:50:37,Eras del Piojo,39.41121,-3.13218,Antiguas eras,Antiguas eras,Etnográfico,Contemporánea,
26/03/2015 1:52:18,Eras de Arriba,39.40340,-3.11295,Antiguas eras,Antiguas eras,Etnográfico,Contemporánea,
26/03/2015 1:53:49,Eras de la Cruz del Estanquero,39.39953,-3.11411,Antigua era,Antigua era,Etnográfico,Contemporánea,
13/07/2016 9:53:58,Sierra de los molinos,39.40926,-3.12400,"Pequeña elevación sobre la meseta manchega donde se ubican los famosos molinos de viento en los que se inspirara Cervantes para su obra maestra Don Quijote de la Mancha. 
","Los molinos de viento el mayor icono de identidad de los Criptanenes y el principal reclamo turístico de Campo de Criptana.

Esta sierra contiene la mayor colección de molinos de viento de la Península Ibérica. En 1575, las Relaciones Topográficas de Felipe II mencionan “muchos molinos” en Campo de Criptana. El Catastro del Marqués de la Ensenada del año 1752 recoge 34 molinos en esta localidad, más que todos los molinos sumados del resto de pueblos de La Mancha. Actualmente existen 10 molinos: 

- Molino Infante (siglo XVI)
- Molino Sardinero (siglo XVI)
- Molino Burleta (siglo XVI)
- Molino Culebro (Museo de Sara Montiel)
- Molino Poyatos
- Molino Inca Garcilaso
- Molino Cariari
- Molino Pilón
- Molino Quimera
- Molino Lagarto

Solamente tres de ellos (Infanto, Burleta y Sardinero) conservan la estructura y maquinaria original del siglo XVI y pueden realizar moliendas como se hacía siglos atrás.",Etnográfico,Siglo XX,https://drive.google.com/open?id=0B5yGMNeKDyLdY0g3MEpvNXVabGM
14/07/2016 15:00:55,Fenarales del Charco,39.450.016,-3.113.448,"Pradera salina cuyo interés reside en las poblaciones de ""Elymus Curvifolius"", gramínea endémica protegida.","Pradera salina cuyo interés reside en las poblaciones de ""Elymus Curvifolius"", gramínea endémica protegida por la Ley 9/1999 de Conservación de la Naturaleza de Castilla-la Mancha.

El valor de este pequeño criptohumedal de apenas hectárea y media no solo se debe a esto, sino que cuenta, además, con otras especies halófilas de especial interés, entre ellas y sobre todo ""Senecio auricula subsp. castellanus"", taxón De Interés Especial en Castilla-la Mancha.",Ambiental,Siglo XX,